,minute,h_a,situation,shotType,lastAction,distanceToGoal,angleToGoal
0,0.0005917544203570232,-0.0011448971637436148,0.001181514812279462,0.004364882972435206,0.005077390838855533,-0.022995920214605017,-0.03466882175996192
1,0.0014589160523812267,-0.0012059670558253422,0.007904561241893114,0.017374081312747855,0.02324708630074173,0.016330282882905493,0.04145605239207952
2,-0.00033261700690243837,-0.00033493876161469856,-0.03232310936122911,0.004722307678444826,-0.010316317935353836,-0.03387714830889731,-0.024080204098006226
3,-0.012798493673352136,-0.005301958585744311,0.014298352231386013,-0.02461290879011836,-0.061651367615812684,0.11882786791955012,0.0704663114452422
4,-0.0035076472198824968,-0.0015101766443913155,-0.005189946613579684,0.0016564620265659316,0.025298745718995055,-0.026105576074127865,-0.03648715029594705
