,minute,h_a,situation,shotType,lastAction,distanceToGoal,angleToGoal
218214,60,1,3,4,27,19.2996440056909,18.2438644522281
218215,64,1,3,2,27,12.9405043739925,31.534888852182
218216,65,1,2,2,24,24.0569048767469,17.1510160212249
218222,53,2,3,1,10,5.40005659278627,63.4222708160866
218224,60,2,1,4,33,23.1473692181518,17.6299823767013
